[
  {
    "id": "62afad28-e74b-4a52-84ab-28552d6b20ad",
    "name": "Trello - Add Comment to Card",
    "description": "Add a comment to a card in Trello.",
    "icon": "https://s3-xmatters-static.s3.amazonaws.com/null/customers/aa4ff4cd-06da-460c-b2d0-bb34ad66da69/IMAGE__20200624213759193__trello.png",
    "script": "// Parameters\nparams = {}\nifExistsAdd(params, \"key\", input['API Key']);\nifExistsAdd(params, \"token\", input['API Token']);\nifExistsAdd(params, \"id\", input['ID']);\nifExistsAdd(params, \"text\", input['Text']);\n\n// Date maybe needs to be done separately\n// TODO: Date stuff\nifExistsAdd(params, \"due\", input['Due Date']);\n\n// Encode parameters into query\nquery = Object.keys(params).map(key => key + '=' + encodeURIComponent(params[key])).join('&');\n\nconsole.log(query);\n\nvar apiRequest = http.request({\n    'endpoint': 'Trello',\n    'path': '/1/cards/' + input[\"ID\"] + \"/actions/comments?\" + query,\n    'method': 'POST'\n});\nvar apiResponse = apiRequest.write();\nif (apiResponse.statusCode >= 200 && apiResponse.statusCode < 300) {\n    var responseBody = JSON.parse(apiResponse.body);\n    output['ID'] = responseBody.id;\n    output['BoardID'] = responseBody.idBoard;\n    output['ListID'] = responseBody.idList;\n    output['URL'] = responseBody.shortUrl;\n    output['json'] = responseBody;\n} else {\n    throw \"Failed: \" + response.statusCode + \" \" + response.statusMessage;\n}\n\nfunction ifExistsAdd(params, key, value) {\n    if (typeof(value) != \"undefined\") {\n        params[key] = value;\n        return true;\n    }\n    return false;\n}\n",
    "endpointLabel": "Trello",
    "allowedEnvironment": "HOSTED",
    "accessibleByAll": "NotShared",
    "scriptStepType": "USER",
    "inputs": [
      {
        "id": "59dd755a-a652-492f-bfef-43c81dc1e265",
        "name": "API Key",
        "helpText": "Your API Key from Trello.",
        "defaultValue": "",
        "multiline": false,
        "required": true,
        "maxLength": 2000,
        "minLength": 0,
        "position": 0
      },
      {
        "id": "8d24393c-a690-423d-9f07-ff7984f4fc4c",
        "name": "API Token",
        "helpText": "An API Token from Trello.",
        "defaultValue": "",
        "multiline": false,
        "required": true,
        "maxLength": 2000,
        "minLength": 0,
        "position": 1
      },
      {
        "id": "63a5ad77-7f5b-4705-8540-3b6c41541b25",
        "name": "ID",
        "helpText": "The ID of the Card.",
        "defaultValue": "",
        "multiline": false,
        "required": true,
        "maxLength": 2000,
        "minLength": 0,
        "position": 2
      },
      {
        "id": "8bdbe654-c853-4dc1-b74b-d86e1cdc802d",
        "name": "Text",
        "helpText": "The comment.",
        "defaultValue": "",
        "multiline": false,
        "required": true,
        "maxLength": 2000,
        "minLength": 0,
        "position": 3
      }
    ],
    "outputs": [
      {
        "id": "6da7377c-626e-4e57-a301-d52f75095f7c",
        "name": "json",
        "position": 0
      },
      {
        "id": "99d3bfb0-8170-47b3-97b1-c26392709b8e",
        "name": "BoardID",
        "position": 1
      },
      {
        "id": "171e2bdc-09ac-4122-bc22-9f49e6aac2a6",
        "name": "ListID",
        "position": 2
      },
      {
        "id": "1e6d0882-6f35-4a8f-b013-cac5a82a9214",
        "name": "ID",
        "position": 3
      },
      {
        "id": "0e52c0ff-805c-4baa-88ea-7d35534efd77",
        "name": "URL",
        "position": 4
      }
    ],
    "libraries": []
  },
  {
    "id": "594f36b5-6fc4-4f28-8da2-fe9672d52b99",
    "name": "Trello - Create Card",
    "description": "Create a card in Trello.",
    "icon": "https://s3-xmatters-static.s3.amazonaws.com/null/customers/aa4ff4cd-06da-460c-b2d0-bb34ad66da69/IMAGE__20200624213759193__trello.png",
    "script": "// Parameters\nparams = {}\nifExistsAdd(params, \"key\", input['API Key']);\nifExistsAdd(params, \"token\", input['API Token']);\nifExistsAdd(params, \"idList\", input['idList']);\nifExistsAdd(params, \"name\", input['Name']);\nifExistsAdd(params, \"desc\", input['Description']);\nifExistsAdd(params, \"pos\", input['Position']);\nifExistsAdd(params, \"idMembers\", input['idMembers']);\nifExistsAdd(params, \"idLabels\", input['idLabels']);\nifExistsAdd(params, \"idCardSource\", input['idCardSource']);\nifExistsAdd(params, \"keepFromSource\", input['keepFromSource']);\n\n// Date maybe needs to be done separately\n// TODO: Date stuff\nifExistsAdd(params, \"due\", input['Due Date']);\n\n// Encode parameters into path\nquery = Object.keys(params).map(key => key + '=' + encodeURIComponent(params[key])).join('&');\n\nconsole.log(query);\n\nvar apiRequest = http.request({\n    'endpoint': 'Trello',\n    'path': '/1/cards' + \"?\" + query,\n    'method': 'POST'\n});\nvar apiResponse = apiRequest.write();\nif (apiResponse.statusCode >= 200 && apiResponse.statusCode < 300) {\n    var responseBody = JSON.parse(apiResponse.body);\n    output['ID'] = responseBody.id;\n    output['BoardID'] = responseBody.idBoard;\n    output['ListID'] = responseBody.idList;\n    output['URL'] = responseBody.shortUrl;\n    output['json'] = responseBody;\n} else {\n    throw \"Failed: \" + response.statusCode + \" \" + response.statusMessage;\n}\n\nfunction ifExistsAdd(params, key, value) {\n    if (typeof(value) != \"undefined\") {\n        params[key] = value;\n        return true;\n    }\n    return false;\n}\n",
    "endpointLabel": "Trello",
    "allowedEnvironment": "HOSTED",
    "accessibleByAll": "NotShared",
    "scriptStepType": "USER",
    "inputs": [
      {
        "id": "b59e1a22-47a1-4f56-86f9-9372fdc6cbcf",
        "name": "API Key",
        "helpText": "Your API Key from Trello.",
        "defaultValue": "",
        "multiline": false,
        "required": true,
        "maxLength": 2000,
        "minLength": 0,
        "position": 0
      },
      {
        "id": "94a25384-6a59-4bce-8408-45ab1a79496e",
        "name": "API Token",
        "helpText": "An API Token from Trello.",
        "defaultValue": "",
        "multiline": false,
        "required": true,
        "maxLength": 2000,
        "minLength": 0,
        "position": 1
      },
      {
        "id": "eceac0a7-0ba6-40a9-b96e-e07d3f0d338d",
        "name": "idList",
        "helpText": "ID of the list to add the new card to.",
        "defaultValue": "",
        "multiline": false,
        "required": false,
        "maxLength": 2000,
        "minLength": 0,
        "position": 2
      },
      {
        "id": "5d66ad2a-9eb9-48dc-9566-8381ab160f0d",
        "name": "Name",
        "helpText": "The name for the card.",
        "defaultValue": "",
        "multiline": false,
        "required": false,
        "maxLength": 2000,
        "minLength": 0,
        "position": 3
      },
      {
        "id": "1af9a904-7931-4edd-874c-9c696f59f227",
        "name": "Description",
        "helpText": "The description for the card",
        "defaultValue": "",
        "multiline": false,
        "required": false,
        "maxLength": 2000,
        "minLength": 0,
        "position": 4
      },
      {
        "id": "6875df22-5910-4a10-bdaa-827771c3652b",
        "name": "Position",
        "helpText": "The position of the new card. top, bottom, or a positive float.",
        "defaultValue": "",
        "multiline": false,
        "required": false,
        "maxLength": 2000,
        "minLength": 0,
        "position": 5
      },
      {
        "id": "3b8cf996-72ae-4df0-895d-eca137ee06ff",
        "name": "Due Date",
        "helpText": "The Due Date for the card",
        "defaultValue": "",
        "multiline": false,
        "required": false,
        "maxLength": 2000,
        "minLength": 0,
        "position": 6
      },
      {
        "id": "388363d6-4b4a-4473-b35f-af0cc3a57979",
        "name": "idMembers",
        "helpText": "Comma-separated list of member IDs to add to the card",
        "defaultValue": "",
        "multiline": false,
        "required": false,
        "maxLength": 2000,
        "minLength": 0,
        "position": 7
      },
      {
        "id": "ec4b54f7-c457-48f8-9d18-7c5e3fb13f95",
        "name": "idLabels",
        "helpText": "Comma-separated list of label IDs to add to the card",
        "defaultValue": "",
        "multiline": false,
        "required": false,
        "maxLength": 2000,
        "minLength": 0,
        "position": 8
      },
      {
        "id": "ac7edd47-0963-4ac7-b6e8-fdcc3ad9de4d",
        "name": "idCardSource",
        "helpText": "ID of a card to copy into the new card",
        "defaultValue": "",
        "multiline": false,
        "required": false,
        "maxLength": 2000,
        "minLength": 0,
        "position": 9
      },
      {
        "id": "4f2942da-dfb3-4cc9-8976-673f9d5f414d",
        "name": "keepFromSource",
        "helpText": "If using idCardSource you can specify which properties to copy over. all or comma-separated list of: attachments, checklists, comments, due, labels, members, stickers",
        "defaultValue": "",
        "multiline": false,
        "required": false,
        "maxLength": 2000,
        "minLength": 0,
        "position": 10
      }
    ],
    "outputs": [
      {
        "id": "987f2fac-bbc7-421f-9a70-9fdcdf427edb",
        "name": "ID",
        "position": 0
      },
      {
        "id": "b24bfb91-7961-4dec-9bc9-5a7d3a915d6a",
        "name": "BoardID",
        "position": 1
      },
      {
        "id": "a00dc413-9556-40da-91d8-24a469f697a7",
        "name": "URL",
        "position": 2
      },
      {
        "id": "908b3fcd-90dc-4fa7-a904-2aa4c258be91",
        "name": "json",
        "position": 3
      },
      {
        "id": "1cdffd4b-8571-4440-be43-8d2fbecef6e4",
        "name": "ListID",
        "position": 4
      }
    ],
    "libraries": []
  },
  {
    "id": "3b1ff564-1430-4719-bbc2-f622f2123779",
    "name": "Trello - Update Card",
    "description": "Update a card in Trello.",
    "icon": "https://s3-xmatters-static.s3.amazonaws.com/null/customers/aa4ff4cd-06da-460c-b2d0-bb34ad66da69/IMAGE__20200624213759193__trello.png",
    "script": "// Parameters\nparams = {}\nifExistsAdd(params, \"key\", input['API Key']);\nifExistsAdd(params, \"token\", input['API Token']);\nifExistsAdd(params, \"name\", input['Name']);\nifExistsAdd(params, \"desc\", input['Description']);\nifExistsAdd(params, \"closed\", input['Closed']);\nifExistsAdd(params, \"idMembers\", input['idMembers']);\nifExistsAdd(params, \"idList\", input['idList']);\nifExistsAdd(params, \"idLabels\", input['idLabels']);\nifExistsAdd(params, \"idBoard\", input['idBoard']);\nifExistsAdd(params, \"pos\", input['Position']);\n\n// Date maybe needs to be done separately\n// TODO: Date stuff\nifExistsAdd(params, \"due\", input['Due Date']);\n\n// Encode parameters into query\nquery = Object.keys(params).map(key => key + '=' + encodeURIComponent(params[key])).join('&');\n\nconsole.log(query);\n\nvar apiRequest = http.request({\n    'endpoint': 'Trello',\n    'path': '/1/cards/' + input[\"ID\"] + \"?\" + query,\n    'method': 'PUT'\n});\nvar apiResponse = apiRequest.write();\nif (apiResponse.statusCode >= 200 && apiResponse.statusCode < 300) {\n    var responseBody = JSON.parse(apiResponse.body);\n    output['ID'] = responseBody.id;\n    output['BoardID'] = responseBody.idBoard;\n    output['ListID'] = responseBody.idList;\n    output['URL'] = responseBody.shortUrl;\n    output['json'] = responseBody;\n} else {\n    throw \"Failed: \" + response.statusCode + \" \" + response.statusMessage;\n}\n\nfunction ifExistsAdd(params, key, value) {\n    if (typeof(value) != \"undefined\") {\n        params[key] = value;\n        return true;\n    }\n    return false;\n}\n",
    "endpointLabel": "Trello",
    "allowedEnvironment": "HOSTED",
    "accessibleByAll": "NotShared",
    "scriptStepType": "USER",
    "inputs": [
      {
        "id": "14e83283-7472-4369-a9b9-ff30c32bb3d0",
        "name": "API Key",
        "helpText": "Your API Key from Trello.",
        "defaultValue": "",
        "multiline": false,
        "required": true,
        "maxLength": 2000,
        "minLength": 0,
        "position": 0
      },
      {
        "id": "e8589d9e-bf48-410e-8b74-6e0309be177b",
        "name": "API Token",
        "helpText": "An API Token from Trello.",
        "defaultValue": "",
        "multiline": false,
        "required": true,
        "maxLength": 2000,
        "minLength": 0,
        "position": 1
      },
      {
        "id": "02a46c12-9939-4e4a-811e-ed4bff8aa5f7",
        "name": "ID",
        "helpText": "The ID of the Card.",
        "defaultValue": "",
        "multiline": false,
        "required": true,
        "maxLength": 2000,
        "minLength": 0,
        "position": 2
      },
      {
        "id": "0846ba0c-3bbf-486e-9081-a2868081aa3d",
        "name": "Name",
        "helpText": "The name for the card.",
        "defaultValue": "",
        "multiline": false,
        "required": false,
        "maxLength": 2000,
        "minLength": 0,
        "position": 3
      },
      {
        "id": "6ae623ae-2d9e-4837-93a7-a1221f1901b9",
        "name": "Description",
        "helpText": "The description for the card",
        "defaultValue": "",
        "multiline": false,
        "required": false,
        "maxLength": 2000,
        "minLength": 0,
        "position": 4
      },
      {
        "id": "1df90968-df33-452b-90fe-9c0b9ddb8657",
        "name": "Closed",
        "helpText": "(true) Archive the card. (false) Unarchive the card.",
        "defaultValue": "",
        "multiline": false,
        "required": false,
        "maxLength": 2000,
        "minLength": 0,
        "position": 5
      },
      {
        "id": "737d48de-ab23-4be5-984e-0e58794a56e9",
        "name": "idMembers",
        "helpText": "Comma-separated list of member IDs to add to the card",
        "defaultValue": "",
        "multiline": false,
        "required": false,
        "maxLength": 2000,
        "minLength": 0,
        "position": 6
      },
      {
        "id": "892541d0-c4ff-4975-85ca-a8b354788ff2",
        "name": "idList",
        "helpText": "The ID of the list the card should be in.",
        "defaultValue": "",
        "multiline": false,
        "required": false,
        "maxLength": 2000,
        "minLength": 0,
        "position": 7
      },
      {
        "id": "2750b92c-148d-4108-80a5-c4e3749299c0",
        "name": "idLabels",
        "helpText": "Comma-separated list of label IDs to add to the card",
        "defaultValue": "",
        "multiline": false,
        "required": false,
        "maxLength": 2000,
        "minLength": 0,
        "position": 8
      },
      {
        "id": "d662950e-f4a6-46c8-9ddd-4834e202c20e",
        "name": "idBoard",
        "helpText": "The ID of the board the card should be on",
        "defaultValue": "",
        "multiline": false,
        "required": false,
        "maxLength": 2000,
        "minLength": 0,
        "position": 9
      },
      {
        "id": "f84696de-2456-4694-8f8a-adc66358f6fe",
        "name": "Position",
        "helpText": "The position of the card in its list. top, bottom, or a positive float.",
        "defaultValue": "",
        "multiline": false,
        "required": false,
        "maxLength": 2000,
        "minLength": 0,
        "position": 10
      },
      {
        "id": "e2ca1d64-b532-40b4-b4c6-95e18854cc31",
        "name": "Due Date",
        "helpText": "When the card is due, or null.",
        "defaultValue": "",
        "multiline": false,
        "required": false,
        "maxLength": 2000,
        "minLength": 0,
        "position": 11
      }
    ],
    "outputs": [
      {
        "id": "2dfc2536-0f92-46d7-9752-1da53f1b4b1e",
        "name": "json",
        "position": 0
      },
      {
        "id": "42d0b0b3-6ee8-4362-a385-a68e37c36c69",
        "name": "BoardID",
        "position": 1
      },
      {
        "id": "60641a4a-b706-43b3-8367-86502dcfc66d",
        "name": "ListID",
        "position": 2
      },
      {
        "id": "e247d30e-6e2a-449a-8856-75e684602223",
        "name": "ID",
        "position": 3
      },
      {
        "id": "4372ab26-35ab-4951-b0ce-585713355daf",
        "name": "URL",
        "position": 4
      }
    ],
    "libraries": []
  }
]