{
  "name": "Trello Steps",
  "form": "2b17bbde-f2fb-442d-9194-8d0fa9148907",
  "blocks": [
    {
      "id": "1b812d08-b834-4cf9-8026-b43318a1eb68",
      "endpoint": "Trello",
      "label": "Trello - Add Comment to Card",
      "environment": "HOSTED",
      "presentation": "{\"w\":60,\"x\":220,\"h\":60,\"y\":480}",
      "step": "62afad28-e74b-4a52-84ab-28552d6b20ad",
      "stepType": "SCRIPT_STEP",
      "inputMappings": [
        {
          "inputPort": "input",
          "mapping": "${constants.Trello API Key}",
          "stepInput": "59dd755a-a652-492f-bfef-43c81dc1e265"
        },
        {
          "inputPort": "input",
          "mapping": "${constants.Trello API Token}",
          "stepInput": "8d24393c-a690-423d-9f07-ff7984f4fc4c"
        }
      ]
    },
    {
      "id": "c9024265-34e8-402e-8245-3c7b69bfceae",
      "endpoint": "Trello",
      "label": "Trello - Create Card",
      "environment": "HOSTED",
      "presentation": "{\"w\":60,\"x\":220,\"h\":60,\"y\":40}",
      "step": "594f36b5-6fc4-4f28-8da2-fe9672d52b99",
      "stepType": "SCRIPT_STEP",
      "inputMappings": [
        {
          "inputPort": "input",
          "mapping": "${constants.Trello API Key}",
          "stepInput": "b59e1a22-47a1-4f56-86f9-9372fdc6cbcf"
        },
        {
          "inputPort": "input",
          "mapping": "${constants.Trello API Token}",
          "stepInput": "94a25384-6a59-4bce-8408-45ab1a79496e"
        }
      ]
    },
    {
      "id": "63337e22-4f1b-4652-a6f1-64e94c205836",
      "endpoint": "Trello",
      "label": "Trello - Update Card",
      "environment": "HOSTED",
      "presentation": "{\"w\":60,\"x\":220,\"h\":60,\"y\":260}",
      "step": "3b1ff564-1430-4719-bbc2-f622f2123779",
      "stepType": "SCRIPT_STEP",
      "inputMappings": [
        {
          "inputPort": "input",
          "mapping": "${constants.Trello API Key}",
          "stepInput": "14e83283-7472-4369-a9b9-ff30c32bb3d0"
        },
        {
          "inputPort": "input",
          "mapping": "${constants.Trello API Token}",
          "stepInput": "e8589d9e-bf48-410e-8b74-6e0309be177b"
        }
      ]
    }
  ]
}